username,category
charlidamelio,Dance
khaby.lame,Comedy
mrbeast,Entertainment
zachking,Magic
addisonre,Lifestyle
bellapoarch,Lifestyle
avani,Beauty
dixiedamelio,Music
noahbeck,Lifestyle
wisdomkaye,Fashion
alixearle,Beauty
monetmcmichael,Beauty
mikaylanogueira,Beauty
jamescharles,Beauty
nikkietutorials,Beauty
brownbindibaddie,Beauty
baboob.media,Comedy
itsjojosiwa,Entertainment
kai_cenat,Entertainment
ishowspeed,Gaming
pokimane,Gaming
tarik,Gaming
caseyneistat,Tech/Lifestyle
mkbhd,Tech
unboxtherapyofficial,Tech
linus.tech,Tech
cleantok,Cleaning
gordonramsayofficial,Food
nick.digiovanni,Food
bayashi.tiktok,Food
logagm,Fitness
leanbeefpatty,Fitness
davidlaid,Fitness
dr.shi,Medicine
doctormike,Medicine
financewithsharan,Finance
humphreytalks,Finance
yourrichbff,Finance
vivllainous,Politics/Commentary
deanwithers,Politics
hasanabi,Politics
turningpointusa,Politics
haylsworld,Tech
emmachamberlain,Lifestyle
madelineargy,Lifestyle
sofiafranklyn,Lifestyle
alixtraeger,Food
brookemonk_,Lifestyle
annaxsitar,Travel/Lifestyle
michaelbjordanp,Acting
laravioletta_,Fashion
francesanndc,Music
nytimes,News
kendalltoole,Fitness
kriziaraso,Beauty
meditatewithkarin,Spirituality
punjabivikings,Culture
dailyhukam,Religion
wehave2wizards,Finance
alexedits.ae,Editing
aneesha.lifts,Fitness
flowgogirl,Dance
mondayswithmohan,Podcast
prod.tjm,Music
greersings,Music
brileyballmusic,Music
courtneylcook,Food
theoshakes,Comedy
angelaaerial,Fitness
doctor.sreyah,Medicine
annabellesays,Commentary
marti.barbeiro,Fashion
hernametyla,Music
cadencepoems,Poetry
spencerdancerrr,Dance
